{
  "sacrebleu": 10.0405,
  "rouge_1": 27.73,
  "rouge_2": 9.9698,
  "rouge_l": 23.6687,
  "rouge_lsum": 24.4965,
  "num_samples": 400,
  "model_id": "qwen3_5_9b",
  "hf_id": "Qwen/Qwen3.5-9B",
  "avg_elapsed_s": 2.7739806962013245,
  "avg_tokens_per_s": 14.787950957638238,
  "max_peak_vram_gb": 8.132936954498291,
  "hf_home": "${HF_HOME:-~/.cache/huggingface}"
}
